INSERT Users (Nickname) VALUES
(N'Pewdiepie'),
(N'◥꧁དℭ℟Åℤ¥༒Nicolas'), --typical nickname reference
(N'My name is Giovanni Giorgio, a.k.a. Giorgio'),
(N'Lestat'),
(N'NormalUserName1'),
(N'NormalUserName2'),
(N'NormalUserName3'),
(N'NormalUserName4'),
(N'NormalUserName5'),
(N'ᵘᶻᵘᵐᵃᵏⁱメɴᴀʀᴜᴛᴏ✿'),
(N'Kakashi 🌀'); --oof


INSERT Games (Title_name, Developer, PC, PS4, Switch, PC_Release, PS4_Release, Switch_Release) VALUES
(N'Subnautica', N'Unknown Worlds Entertainment', 1, 1, 1, '2014-12-16', '2018-12-04', '2021-05-14'),
(N'Subnautica: Below Zero', N'Unknown Worlds Entertainment', 1, 1, 1, '2021-05-14', '2021-05-14', '2021-05-14'),
(N'Wacraft III The frozen throne', N'Blizzard Entertainment', 1, 0, 0, '2003-06-01', NULL, NULL),
(N'Warcraft III Refunded', N'Blizzard Entertainment', 1, 0, 0, '2020-01-28', NULL, NULL),
(N'Oxygen Not Included', N'Klei Entertainment', 1, 0, 0, '2019-06-30', NULL, NULL),
(N'The Elder Scrolls V: Skyrim', N'Bethesda Game Studios', 1, 1, 1, '2011-11-12', '2016-08-28', '2017-11-17');

INSERT Reviews (Username, Title, Title_Platform, Rating) VALUES
(N'Pewdiepie', N'Subnautica', N'PC', 10),
(N'NormalUserName1', N'Subnautica', N'PC', 8),
(N'NormalUserName4', N'Subnautica', N'PC', 10),
(N'Kakashi 🌀', N'Subnautica', N'PS4', 10),
(N'NormalUserName5', N'Subnautica', N'Switch', 9),
(N'NormalUserName1', N'Subnautica: Below Zero', N'PC', 9),
(N'NormalUserName2', N'Subnautica: Below Zero', N'PS4', 8),
(N'ᵘᶻᵘᵐᵃᵏⁱメɴᴀʀᴜᴛᴏ✿', N'Subnautica: Below Zero', N'Switch', 10),
(N'My name is Giovanni Giorgio, a.k.a. Giorgio', N'Wacraft III The frozen throne', 'PC', 10),
(N'NormalUserName1', N'Warcraft III Refunded', N'PC', 0),
(N'NormalUserName3', N'Warcraft III Refunded', N'PC', 2),
(N'NormalUserName5', N'Warcraft III Refunded', N'PC', 4),
(N'Lestat', N'Oxygen Not Included', N'PC', 8),
(N'NormalUserName4', N'Oxygen Not Included', N'PC', 7),
(N'Kakashi 🌀', N'Oxygen Not Included', N'PC', 8),
(N'NormalUserName1', N'The Elder Scrolls V: Skyrim', N'PC', 6),
(N'NormalUserName5', N'The Elder Scrolls V: Skyrim', N'PC', 7),
(N'NormalUserName2', N'The Elder Scrolls V: Skyrim', N'PS4', 8),
(N'ᵘᶻᵘᵐᵃᵏⁱメɴᴀʀᴜᴛᴏ✿', N'The Elder Scrolls V: Skyrim', N'Switch', 7),
(N'Kakashi 🌀', N'The Elder Scrolls V: Skyrim', N'Switch', 7);